{"timestampedFiles":{"C:\\Users\\user103\\Documents\\workspace-spring-tool-suite-4-4.12.0.RELEASE\\OCT-19_SpringBootRestProject3\\src\\main\\java\\com\\th\\Oct19SpringBootRestProject3Application.java":1634619089469,"C:\\Users\\user103\\Documents\\workspace-spring-tool-suite-4-4.12.0.RELEASE\\OCT-19_SpringBootRestProject3\\src\\main\\java\\com\\th\\controller\\BookController.java":1634623025822,"C:\\Users\\user103\\Documents\\workspace-spring-tool-suite-4-4.12.0.RELEASE\\OCT-19_SpringBootRestProject3\\src\\main\\java\\com\\th\\model\\Book.java":1634619908265,"C:\\Users\\user103\\Documents\\workspace-spring-tool-suite-4-4.12.0.RELEASE\\OCT-19_SpringBootRestProject3\\src\\main\\java\\com\\th\\repository\\BookRepository.java":1634620519987},"symbols":[{"docURI":"file:///C:/Users/user103/Documents/workspace-spring-tool-suite-4-4.12.0.RELEASE/OCT-19_SpringBootRestProject3/src/main/java/com/th/Oct19SpringBootRestProject3Application.java","lastModified":1634619089469,"enhancedSymbol":{"symbol":{"name":"@+ \u0027oct19SpringBootRestProject3Application\u0027 (@SpringBootApplication \u003c: @SpringBootConfiguration, @Configuration, @Component) Oct19SpringBootRestProject3Application","kind":"Interface","location":{"uri":"file:///C:/Users/user103/Documents/workspace-spring-tool-suite-4-4.12.0.RELEASE/OCT-19_SpringBootRestProject3/src/main/java/com/th/Oct19SpringBootRestProject3Application.java","range":{"start":{"line":5,"character":0},"end":{"line":5,"character":22}}}},"additionalInformation":[{"type":"org.springframework.ide.vscode.boot.java.beans.BeansSymbolAddOnInformation","data":{"beanID":"oct19SpringBootRestProject3Application"}}]}},{"docURI":"file:///C:/Users/user103/Documents/workspace-spring-tool-suite-4-4.12.0.RELEASE/OCT-19_SpringBootRestProject3/src/main/java/com/th/repository/BookRepository.java","lastModified":1634620519987,"enhancedSymbol":{"symbol":{"name":"@+ \u0027bookRepository\u0027 (Book) Repository\u003cBook,Integer\u003e","kind":"Interface","location":{"uri":"file:///C:/Users/user103/Documents/workspace-spring-tool-suite-4-4.12.0.RELEASE/OCT-19_SpringBootRestProject3/src/main/java/com/th/repository/BookRepository.java","range":{"start":{"line":8,"character":17},"end":{"line":8,"character":31}}}},"additionalInformation":[{"type":"org.springframework.ide.vscode.boot.java.beans.BeansSymbolAddOnInformation","data":{"beanID":"bookRepository"}}]}},{"docURI":"file:///C:/Users/user103/Documents/workspace-spring-tool-suite-4-4.12.0.RELEASE/OCT-19_SpringBootRestProject3/src/main/java/com/th/controller/BookController.java","lastModified":1634623025822,"enhancedSymbol":{"symbol":{"name":"@+ \u0027bookController\u0027 (@RestController \u003c: @Controller, @Component) BookController","kind":"Interface","location":{"uri":"file:///C:/Users/user103/Documents/workspace-spring-tool-suite-4-4.12.0.RELEASE/OCT-19_SpringBootRestProject3/src/main/java/com/th/controller/BookController.java","range":{"start":{"line":13,"character":0},"end":{"line":13,"character":15}}}},"additionalInformation":[{"type":"org.springframework.ide.vscode.boot.java.beans.BeansSymbolAddOnInformation","data":{"beanID":"bookController"}}]}},{"docURI":"file:///C:/Users/user103/Documents/workspace-spring-tool-suite-4-4.12.0.RELEASE/OCT-19_SpringBootRestProject3/src/main/java/com/th/controller/BookController.java","lastModified":1634623025822,"enhancedSymbol":{"symbol":{"name":"@Autowired","kind":"Interface","location":{"uri":"file:///C:/Users/user103/Documents/workspace-spring-tool-suite-4-4.12.0.RELEASE/OCT-19_SpringBootRestProject3/src/main/java/com/th/controller/BookController.java","range":{"start":{"line":18,"character":1},"end":{"line":18,"character":11}}}}}},{"docURI":"file:///C:/Users/user103/Documents/workspace-spring-tool-suite-4-4.12.0.RELEASE/OCT-19_SpringBootRestProject3/src/main/java/com/th/controller/BookController.java","lastModified":1634623025822,"enhancedSymbol":{"symbol":{"name":"@/books/book -- POST","kind":"Interface","location":{"uri":"file:///C:/Users/user103/Documents/workspace-spring-tool-suite-4-4.12.0.RELEASE/OCT-19_SpringBootRestProject3/src/main/java/com/th/controller/BookController.java","range":{"start":{"line":21,"character":1},"end":{"line":21,"character":22}}}}}},{"docURI":"file:///C:/Users/user103/Documents/workspace-spring-tool-suite-4-4.12.0.RELEASE/OCT-19_SpringBootRestProject3/src/main/java/com/th/controller/BookController.java","lastModified":1634623025822,"enhancedSymbol":{"symbol":{"name":"@RequestBody","kind":"Interface","location":{"uri":"file:///C:/Users/user103/Documents/workspace-spring-tool-suite-4-4.12.0.RELEASE/OCT-19_SpringBootRestProject3/src/main/java/com/th/controller/BookController.java","range":{"start":{"line":22,"character":34},"end":{"line":22,"character":46}}}}}}],"dependencies":{}}